origen,id_origen,cantidad_original,cantidad_redondeada,producto
kardex,3327,19.839,20,
kardex,3328,25.285,25,
kardex,3329,31.120,31,
kardex,3330,17.894,18,
kardex,3331,28.397,28,
kardex,3332,12.837,13,
kardex,3333,14.393,14,
kardex,3334,23.340,23,
kardex,3335,15.949,16,
kardex,3336,18.672,19,
kardex,3337,14.004,14,
kardex,3338,11.670,12,
kardex,3339,15.560,16,
kardex,3340,19.839,20,
kardex,3359,14.004,14,
kardex,3360,19.839,20,
kardex,3361,14.393,14,
kardex,3362,13.226,13,
kardex,3363,27.619,28,
kardex,3364,11.670,12,
kardex,3365,20.228,20,
kardex,3366,18.672,19,
kardex,3367,14.393,14,
kardex,3368,14.004,14,
kardex,3369,21.395,21,
kardex,3370,22.951,23,
kardex,3371,12.059,12,
kardex,3372,24.118,24,
kardex,3373,19.061,19,
kardex,3374,23.340,23,
kardex,3375,20.228,20,
kardex,3376,14.393,14,
kardex,3377,20.228,20,
kardex,3378,28.786,29,
kardex,3379,22.951,23,
kardex,3380,18.672,19,
kardex,3381,17.505,18,
kardex,3382,14.782,15,
kardex,3383,15.560,16,
kardex,3384,12.837,13,
kardex,3385,26.841,27,
kardex,3386,19.061,19,
kardex,3387,28.397,28,
kardex,3388,26.063,26,
kardex,3389,15.560,16,
kardex,3390,15.560,16,
kardex,3391,29.564,30,
kardex,3392,17.894,18,
kardex,3393,26.841,27,
kardex,3394,14.393,14,
kardex,3395,16.338,16,
kardex,3396,13.615,14,
kardex,3397,27.619,28,
kardex,3398,22.173,22,
kardex,3399,17.505,18,
kardex,3400,19.450,19,
kardex,3401,21.395,21,
kardex,3402,26.452,26,
kardex,3403,13.226,13,
kardex,3404,26.452,26,
kardex,3405,14.004,14,
kardex,3406,18.672,19,
kardex,3407,19.839,20,
kardex,3408,13.226,13,
kardex,3409,15.560,16,
kardex,3410,15.949,16,
kardex,3411,19.839,20,
kardex,3412,20.617,21,
kardex,3413,19.400,19,
kardex,3414,15.560,16,
kardex,3415,23.729,24,
kardex,3416,12.059,12,
kardex,3417,17.894,18,
kardex,3418,27.230,27,
kardex,3419,26.452,26,
kardex,3420,31.898,32,
kardex,3421,15.949,16,
kardex,4872,26.196,26,
kardex,4873,41.064,41,
kardex,4874,46.020,46,
kardex,4875,29.028,29,
kardex,4876,27.612,28,
kardex,4877,38.232,38,
kardex,4878,17.700,18,
kardex,4879,35.400,35,
kardex,4880,23.364,23,
kardex,4881,33.984,34,
kardex,4882,22.656,23,
kardex,4883,14.160,14,
kardex,4884,27.612,28,
kardex,4885,28.320,28,
kardex,4886,14.160,14,
kardex,4887,28.320,28,
kardex,4888,24.780,25,
kardex,4889,33.984,34,
kardex,4890,22.656,23,
kardex,4891,41.772,42,
kardex,4892,36.816,37,
kardex,4893,32.568,33,
kardex,4894,21.240,21,
kardex,4895,22.656,23,
kardex,4896,17.700,18,
kardex,4897,37.524,38,
kardex,4898,25.488,25,
kardex,4899,21.948,22,
kardex,4900,16.992,17,
kardex,4901,29.028,29,
kardex,4902,33.276,33,
kardex,4903,36.816,37,
kardex,4904,25.488,25,
kardex,4905,27.612,28,
kardex,4906,48.850,49,
kardex,4907,28.320,28,
kardex,4908,24.780,25,
kardex,4909,23.364,23,
kardex,4910,26.196,26,
kardex,4911,26.196,26,
kardex,4912,35.400,35,
kardex,4913,34.692,35,
kardex,4914,43.188,43,
kardex,4915,42.480,42,
kardex,4916,26.904,27,
kardex,4917,28.320,28,
kardex,4918,46.020,46,
kardex,4919,24.780,25,
kardex,4920,47.436,47,
kardex,4921,16.992,17,
kardex,4922,24.072,24,
kardex,4923,26.904,27,
kardex,4924,44.604,45,
kardex,4925,38.940,39,
kardex,4926,31.860,32,
kardex,4927,35.400,35,
kardex,4928,31.860,32,
kardex,4929,46.020,46,
kardex,4930,26.196,26,
kardex,4931,42.480,42,
kardex,4932,14.160,14,
kardex,4933,23.364,23,
kardex,4934,25.488,25,
kardex,4935,24.780,25,
kardex,4936,18.408,18,
kardex,4937,36.108,36,
kardex,4938,24.780,25,
kardex,4939,28.320,28,
kardex,4940,28.320,28,
kardex,4941,36.108,36,
kardex,4942,36.108,36,
kardex,4943,22.656,23,
kardex,4944,43.188,43,
kardex,4945,26.196,26,
kardex,4946,32.568,33,
kardex,4947,29.028,29,
kardex,4948,26.904,27,
kardex,4949,19.824,20,
kardex,4950,37.524,38,
kardex,4951,44.604,45,
kardex,4952,58.056,58,
kardex,4953,29.028,29,
kardex,5568,19.980,20,
kardex,5569,31.320,31,
kardex,5570,35.100,35,
kardex,5571,22.140,22,
kardex,5572,21.060,21,
kardex,5573,29.160,29,
kardex,5574,13.500,14,
kardex,5576,17.820,18,
kardex,5577,25.920,26,
kardex,5578,17.280,17,
kardex,5579,10.800,11,
kardex,5580,21.060,21,
kardex,5581,21.600,22,
kardex,5582,10.800,11,
kardex,5583,21.600,22,
kardex,5584,18.900,19,
kardex,5585,25.920,26,
kardex,5586,17.280,17,
kardex,5587,31.860,32,
kardex,5588,28.080,28,
kardex,5589,24.840,25,
kardex,5590,16.200,16,
kardex,5591,17.280,17,
kardex,5592,13.500,14,
kardex,5593,28.620,29,
kardex,5594,19.440,19,
kardex,5595,16.740,17,
kardex,5596,12.960,13,
kardex,5597,22.140,22,
kardex,5598,25.380,25,
kardex,5599,28.080,28,
kardex,5600,19.440,19,
kardex,5601,21.060,21,
kardex,5602,37.260,37,
kardex,5603,21.600,22,
kardex,5604,18.900,19,
kardex,5605,17.820,18,
kardex,5606,19.980,20,
kardex,5607,19.980,20,
kardex,5609,26.460,26,
kardex,5610,32.940,33,
kardex,5611,32.400,32,
kardex,5612,20.520,21,
kardex,5613,21.600,22,
kardex,5614,35.100,35,
kardex,5615,18.900,19,
kardex,5616,36.180,36,
kardex,5617,12.960,13,
kardex,5618,18.360,18,
kardex,5619,20.520,21,
kardex,5620,34.020,34,
kardex,5621,29.700,30,
kardex,5622,24.300,24,
kardex,5624,24.300,24,
kardex,5625,35.100,35,
kardex,5626,19.980,20,
kardex,5627,32.400,32,
kardex,5628,10.800,11,
kardex,5629,17.820,18,
kardex,5630,19.440,19,
kardex,5631,18.900,19,
kardex,5632,14.040,14,
kardex,5633,27.540,28,
kardex,5634,18.900,19,
kardex,5635,21.600,22,
kardex,5636,21.600,22,
kardex,5637,27.540,28,
kardex,5638,27.540,28,
kardex,5639,17.280,17,
kardex,5640,32.940,33,
kardex,5641,19.980,20,
kardex,5642,24.840,25,
kardex,5643,22.140,22,
kardex,5644,20.520,21,
kardex,5645,15.120,15,
kardex,5646,28.620,29,
kardex,5647,34.020,34,
kardex,5648,44.280,44,
kardex,5649,22.140,22,
kardex,6426,53.136,53,
kardex,6427,58.320,58,
kardex,6428,67.392,67,
kardex,6429,64.800,65,
kardex,6430,54.432,54,
kardex,6431,69.984,70,
kardex,6432,32.400,32,
kardex,6433,51.840,52,
kardex,6434,38.880,39,
kardex,6435,62.208,62,
kardex,6436,34.992,35,
kardex,6437,38.880,39,
kardex,6438,50.544,51,
kardex,6439,29.808,30,
kardex,6440,25.920,26,
kardex,6441,36.288,36,
kardex,6442,45.360,45,
kardex,6443,62.208,62,
kardex,6444,38.880,39,
kardex,6445,64.800,65,
kardex,6446,55.728,56,
kardex,6447,54.432,54,
kardex,6448,36.288,36,
kardex,6449,38.880,39,
kardex,6450,60.912,61,
kardex,6451,46.656,47,
kardex,6452,32.400,32,
kardex,6453,47.952,48,
kardex,6454,62.208,62,
kardex,6455,66.096,66,
kardex,6456,46.656,47,
kardex,6457,47.952,48,
kardex,6458,80.352,80,
kardex,6459,51.840,52,
kardex,6460,37.584,38,
kardex,6461,38.880,39,
kardex,6462,38.880,39,
kardex,6463,47.952,48,
kardex,6464,51.840,52,
kardex,6465,53.136,53,
kardex,6466,77.760,78,
kardex,6467,71.280,71,
kardex,6468,42.768,43,
kardex,6469,64.800,65,
kardex,6470,38.880,39,
kardex,6471,82.944,83,
kardex,6472,31.104,31,
kardex,6473,34.992,35,
kardex,6474,38.880,39,
kardex,6475,81.648,82,
kardex,6476,59.616,60,
kardex,6477,58.320,58,
kardex,6478,63.504,64,
kardex,6479,45.360,45,
kardex,6480,75.168,75,
kardex,6481,46.656,47,
kardex,6482,38.880,39,
kardex,6483,41.472,41,
kardex,6484,25.920,26,
kardex,6485,42.768,43,
kardex,6486,42.768,43,
kardex,6487,44.064,44,
kardex,6488,31.104,31,
kardex,6489,38.880,39,
kardex,6490,67.392,67,
kardex,6491,54.432,54,
kardex,6492,51.840,52,
kardex,6493,37.584,38,
kardex,6494,66.096,66,
kardex,6495,66.096,66,
kardex,6496,41.472,41,
kardex,6497,77.760,78,
kardex,6498,57.024,57,
kardex,6499,55.728,56,
kardex,6500,49.248,49,
kardex,6501,47.952,48,
kardex,6502,34.992,35,
kardex,6503,51.840,52,
kardex,6504,64.800,65,
kardex,6505,110.160,110,
kardex,6506,49.248,49,
kardex,6902,41.631,42,
kardex,6903,45.663,46,
kardex,6904,52.719,53,
kardex,6905,50.703,51,
kardex,6906,42.639,43,
kardex,6907,54.735,55,
kardex,6908,25.503,26,
kardex,6909,40.623,41,
kardex,6910,30.543,31,
kardex,6911,48.687,49,
kardex,6912,27.519,28,
kardex,6913,30.543,31,
kardex,6914,39.615,40,
kardex,6918,23.487,23,
kardex,6919,20.463,20,
kardex,6920,28.527,29,
kardex,6921,35.584,36,
kardex,6922,48.688,49,
kardex,6923,30.544,31,
kardex,6924,50.704,51,
kardex,6925,43.648,44,
kardex,6926,42.640,43,
kardex,6927,28.528,29,
kardex,6928,30.544,31,
kardex,6929,47.680,48,
kardex,6930,36.592,37,
kardex,6931,25.504,26,
kardex,6932,37.600,38,
kardex,6933,48.688,49,
kardex,6934,51.712,52,
kardex,6935,36.592,37,
kardex,6936,37.600,38,
kardex,6937,62.800,63,
kardex,6938,40.624,41,
kardex,6939,29.536,30,
kardex,6940,30.544,31,
kardex,6941,30.544,31,
kardex,6942,37.600,38,
kardex,6943,40.624,41,
kardex,6944,41.632,42,
kardex,6945,60.784,61,
kardex,6946,55.744,56,
kardex,6947,33.568,34,
kardex,6948,50.704,51,
kardex,6949,30.544,31,
kardex,6950,64.816,65,
kardex,6951,24.496,24,
kardex,6952,27.520,28,
kardex,6953,30.544,31,
kardex,6954,63.808,64,
kardex,6955,46.672,47,
kardex,6956,45.664,46,
kardex,6957,49.696,50,
kardex,6958,35.584,36,
kardex,6959,58.768,59,
kardex,6960,36.592,37,
kardex,6961,30.544,31,
kardex,6962,32.560,33,
kardex,6963,20.464,20,
kardex,6964,33.568,34,
kardex,6965,33.568,34,
kardex,6966,34.576,35,
kardex,6967,24.496,24,
kardex,6968,30.544,31,
kardex,6969,52.720,53,
kardex,6970,42.640,43,
kardex,6971,40.624,41,
kardex,6972,29.536,30,
kardex,6973,51.712,52,
kardex,6974,51.712,52,
kardex,6975,32.560,33,
kardex,6976,60.784,61,
kardex,6977,44.656,45,
kardex,6978,43.648,44,
kardex,6979,38.608,39,
kardex,6980,37.600,38,
kardex,6981,27.520,28,
kardex,6982,40.624,41,
kardex,6983,50.704,51,
kardex,6984,85.984,86,
kardex,6985,38.608,39,
detalle_pecosa,3282,19.839,20,
detalle_pecosa,3283,25.285,25,
detalle_pecosa,3284,31.120,31,
detalle_pecosa,3285,17.894,18,
detalle_pecosa,3286,28.397,28,
detalle_pecosa,3287,12.837,13,
detalle_pecosa,3288,14.393,14,
detalle_pecosa,3289,23.340,23,
detalle_pecosa,3290,15.949,16,
detalle_pecosa,3291,18.672,19,
detalle_pecosa,3292,14.004,14,
detalle_pecosa,3293,11.670,12,
detalle_pecosa,3294,15.560,16,
detalle_pecosa,3295,19.839,20,
detalle_pecosa,3314,14.004,14,
detalle_pecosa,3315,19.839,20,
detalle_pecosa,3316,14.393,14,
detalle_pecosa,3317,13.226,13,
detalle_pecosa,3318,27.619,28,
detalle_pecosa,3319,11.670,12,
detalle_pecosa,3320,20.228,20,
detalle_pecosa,3321,18.672,19,
detalle_pecosa,3322,14.393,14,
detalle_pecosa,3323,14.004,14,
detalle_pecosa,3324,21.395,21,
detalle_pecosa,3325,22.951,23,
detalle_pecosa,3326,12.059,12,
detalle_pecosa,3327,24.118,24,
detalle_pecosa,3328,19.061,19,
detalle_pecosa,3329,23.340,23,
detalle_pecosa,3330,20.228,20,
detalle_pecosa,3331,14.393,14,
detalle_pecosa,3332,20.228,20,
detalle_pecosa,3333,28.786,29,
detalle_pecosa,3334,22.951,23,
detalle_pecosa,3335,18.672,19,
detalle_pecosa,3336,17.505,18,
detalle_pecosa,3337,14.782,15,
detalle_pecosa,3338,15.560,16,
detalle_pecosa,3339,12.837,13,
detalle_pecosa,3340,26.841,27,
detalle_pecosa,3341,19.061,19,
detalle_pecosa,3342,28.397,28,
detalle_pecosa,3343,26.063,26,
detalle_pecosa,3344,15.560,16,
detalle_pecosa,3345,15.560,16,
detalle_pecosa,3346,29.564,30,
detalle_pecosa,3347,17.894,18,
detalle_pecosa,3348,26.841,27,
detalle_pecosa,3349,14.393,14,
detalle_pecosa,3350,16.338,16,
detalle_pecosa,3351,13.615,14,
detalle_pecosa,3352,27.619,28,
detalle_pecosa,3353,22.173,22,
detalle_pecosa,3354,17.505,18,
detalle_pecosa,3355,19.450,19,
detalle_pecosa,3356,21.395,21,
detalle_pecosa,3357,26.452,26,
detalle_pecosa,3358,13.226,13,
detalle_pecosa,3359,26.452,26,
detalle_pecosa,3360,14.004,14,
detalle_pecosa,3361,18.672,19,
detalle_pecosa,3362,19.839,20,
detalle_pecosa,3363,13.226,13,
detalle_pecosa,3364,15.560,16,
detalle_pecosa,3365,15.949,16,
detalle_pecosa,3366,19.839,20,
detalle_pecosa,3367,20.617,21,
detalle_pecosa,3368,19.400,19,
detalle_pecosa,3369,15.560,16,
detalle_pecosa,3370,23.729,24,
detalle_pecosa,3371,12.059,12,
detalle_pecosa,3372,17.894,18,
detalle_pecosa,3373,27.230,27,
detalle_pecosa,3374,26.452,26,
detalle_pecosa,3375,31.898,32,
detalle_pecosa,3376,15.949,16,
detalle_pecosa,4807,26.196,26,
detalle_pecosa,4808,41.064,41,
detalle_pecosa,4809,46.020,46,
detalle_pecosa,4810,29.028,29,
detalle_pecosa,4811,27.612,28,
detalle_pecosa,4812,38.232,38,
detalle_pecosa,4813,17.700,18,
detalle_pecosa,4814,35.400,35,
detalle_pecosa,4815,23.364,23,
detalle_pecosa,4816,33.984,34,
detalle_pecosa,4817,22.656,23,
detalle_pecosa,4818,14.160,14,
detalle_pecosa,4819,27.612,28,
detalle_pecosa,4820,28.320,28,
detalle_pecosa,4821,14.160,14,
detalle_pecosa,4822,28.320,28,
detalle_pecosa,4823,24.780,25,
detalle_pecosa,4824,33.984,34,
detalle_pecosa,4825,22.656,23,
detalle_pecosa,4826,41.772,42,
detalle_pecosa,4827,36.816,37,
detalle_pecosa,4828,32.568,33,
detalle_pecosa,4829,21.240,21,
detalle_pecosa,4830,22.656,23,
detalle_pecosa,4831,17.700,18,
detalle_pecosa,4832,37.524,38,
detalle_pecosa,4833,25.488,25,
detalle_pecosa,4834,21.948,22,
detalle_pecosa,4835,16.992,17,
detalle_pecosa,4836,29.028,29,
detalle_pecosa,4837,33.276,33,
detalle_pecosa,4838,36.816,37,
detalle_pecosa,4839,25.488,25,
detalle_pecosa,4840,27.612,28,
detalle_pecosa,4841,48.850,49,
detalle_pecosa,4842,28.320,28,
detalle_pecosa,4843,24.780,25,
detalle_pecosa,4844,23.364,23,
detalle_pecosa,4845,26.196,26,
detalle_pecosa,4846,26.196,26,
detalle_pecosa,4847,35.400,35,
detalle_pecosa,4848,34.692,35,
detalle_pecosa,4849,43.188,43,
detalle_pecosa,4850,42.480,42,
detalle_pecosa,4851,26.904,27,
detalle_pecosa,4852,28.320,28,
detalle_pecosa,4853,46.020,46,
detalle_pecosa,4854,24.780,25,
detalle_pecosa,4855,47.436,47,
detalle_pecosa,4856,16.992,17,
detalle_pecosa,4857,24.072,24,
detalle_pecosa,4858,26.904,27,
detalle_pecosa,4859,44.604,45,
detalle_pecosa,4860,38.940,39,
detalle_pecosa,4861,31.860,32,
detalle_pecosa,4862,35.400,35,
detalle_pecosa,4863,31.860,32,
detalle_pecosa,4864,46.020,46,
detalle_pecosa,4865,26.196,26,
detalle_pecosa,4866,42.480,42,
detalle_pecosa,4867,14.160,14,
detalle_pecosa,4868,23.364,23,
detalle_pecosa,4869,25.488,25,
detalle_pecosa,4870,24.780,25,
detalle_pecosa,4871,18.408,18,
detalle_pecosa,4872,36.108,36,
detalle_pecosa,4873,24.780,25,
detalle_pecosa,4874,28.320,28,
detalle_pecosa,4875,28.320,28,
detalle_pecosa,4876,36.108,36,
detalle_pecosa,4877,36.108,36,
detalle_pecosa,4878,22.656,23,
detalle_pecosa,4879,43.188,43,
detalle_pecosa,4880,26.196,26,
detalle_pecosa,4881,32.568,33,
detalle_pecosa,4882,29.028,29,
detalle_pecosa,4883,26.904,27,
detalle_pecosa,4884,19.824,20,
detalle_pecosa,4885,37.524,38,
detalle_pecosa,4886,44.604,45,
detalle_pecosa,4887,58.056,58,
detalle_pecosa,4888,29.028,29,
detalle_pecosa,5497,19.980,20,
detalle_pecosa,5498,31.320,31,
detalle_pecosa,5499,35.100,35,
detalle_pecosa,5500,22.140,22,
detalle_pecosa,5501,21.060,21,
detalle_pecosa,5502,29.160,29,
detalle_pecosa,5503,13.500,14,
detalle_pecosa,5505,17.820,18,
detalle_pecosa,5506,25.920,26,
detalle_pecosa,5507,17.280,17,
detalle_pecosa,5508,10.800,11,
detalle_pecosa,5509,21.060,21,
detalle_pecosa,5510,21.600,22,
detalle_pecosa,5511,10.800,11,
detalle_pecosa,5512,21.600,22,
detalle_pecosa,5513,18.900,19,
detalle_pecosa,5514,25.920,26,
detalle_pecosa,5515,17.280,17,
detalle_pecosa,5516,31.860,32,
detalle_pecosa,5517,28.080,28,
detalle_pecosa,5518,24.840,25,
detalle_pecosa,5519,16.200,16,
detalle_pecosa,5520,17.280,17,
detalle_pecosa,5521,13.500,14,
detalle_pecosa,5522,28.620,29,
detalle_pecosa,5523,19.440,19,
detalle_pecosa,5524,16.740,17,
detalle_pecosa,5525,12.960,13,
detalle_pecosa,5526,22.140,22,
detalle_pecosa,5527,25.380,25,
detalle_pecosa,5528,28.080,28,
detalle_pecosa,5529,19.440,19,
detalle_pecosa,5530,21.060,21,
detalle_pecosa,5531,37.260,37,
detalle_pecosa,5532,21.600,22,
detalle_pecosa,5533,18.900,19,
detalle_pecosa,5534,17.820,18,
detalle_pecosa,5535,19.980,20,
detalle_pecosa,5536,19.980,20,
detalle_pecosa,5538,26.460,26,
detalle_pecosa,5539,32.940,33,
detalle_pecosa,5540,32.400,32,
detalle_pecosa,5541,20.520,21,
detalle_pecosa,5542,21.600,22,
detalle_pecosa,5543,35.100,35,
detalle_pecosa,5544,18.900,19,
detalle_pecosa,5545,36.180,36,
detalle_pecosa,5546,12.960,13,
detalle_pecosa,5547,18.360,18,
detalle_pecosa,5548,20.520,21,
detalle_pecosa,5549,34.020,34,
detalle_pecosa,5550,29.700,30,
detalle_pecosa,5551,24.300,24,
detalle_pecosa,5553,24.300,24,
detalle_pecosa,5554,35.100,35,
detalle_pecosa,5555,19.980,20,
detalle_pecosa,5556,32.400,32,
detalle_pecosa,5557,10.800,11,
detalle_pecosa,5558,17.820,18,
detalle_pecosa,5559,19.440,19,
detalle_pecosa,5560,18.900,19,
detalle_pecosa,5561,14.040,14,
detalle_pecosa,5562,27.540,28,
detalle_pecosa,5563,18.900,19,
detalle_pecosa,5564,21.600,22,
detalle_pecosa,5565,21.600,22,
detalle_pecosa,5566,27.540,28,
detalle_pecosa,5567,27.540,28,
detalle_pecosa,5568,17.280,17,
detalle_pecosa,5569,32.940,33,
detalle_pecosa,5570,19.980,20,
detalle_pecosa,5571,24.840,25,
detalle_pecosa,5572,22.140,22,
detalle_pecosa,5573,20.520,21,
detalle_pecosa,5574,15.120,15,
detalle_pecosa,5575,28.620,29,
detalle_pecosa,5576,34.020,34,
detalle_pecosa,5577,44.280,44,
detalle_pecosa,5578,22.140,22,
detalle_pecosa,6349,53.136,53,
detalle_pecosa,6350,58.320,58,
detalle_pecosa,6351,67.392,67,
detalle_pecosa,6352,64.800,65,
detalle_pecosa,6353,54.432,54,
detalle_pecosa,6354,69.984,70,
detalle_pecosa,6355,32.400,32,
detalle_pecosa,6356,51.840,52,
detalle_pecosa,6357,38.880,39,
detalle_pecosa,6358,62.208,62,
detalle_pecosa,6359,34.992,35,
detalle_pecosa,6360,38.880,39,
detalle_pecosa,6361,50.544,51,
detalle_pecosa,6362,29.808,30,
detalle_pecosa,6363,25.920,26,
detalle_pecosa,6364,36.288,36,
detalle_pecosa,6365,45.360,45,
detalle_pecosa,6366,62.208,62,
detalle_pecosa,6367,38.880,39,
detalle_pecosa,6368,64.800,65,
detalle_pecosa,6369,55.728,56,
detalle_pecosa,6370,54.432,54,
detalle_pecosa,6371,36.288,36,
detalle_pecosa,6372,38.880,39,
detalle_pecosa,6373,60.912,61,
detalle_pecosa,6374,46.656,47,
detalle_pecosa,6375,32.400,32,
detalle_pecosa,6376,47.952,48,
detalle_pecosa,6377,62.208,62,
detalle_pecosa,6378,66.096,66,
detalle_pecosa,6379,46.656,47,
detalle_pecosa,6380,47.952,48,
detalle_pecosa,6381,80.352,80,
detalle_pecosa,6382,51.840,52,
detalle_pecosa,6383,37.584,38,
detalle_pecosa,6384,38.880,39,
detalle_pecosa,6385,38.880,39,
detalle_pecosa,6386,47.952,48,
detalle_pecosa,6387,51.840,52,
detalle_pecosa,6388,53.136,53,
detalle_pecosa,6389,77.760,78,
detalle_pecosa,6390,71.280,71,
detalle_pecosa,6391,42.768,43,
detalle_pecosa,6392,64.800,65,
detalle_pecosa,6393,38.880,39,
detalle_pecosa,6394,82.944,83,
detalle_pecosa,6395,31.104,31,
detalle_pecosa,6396,34.992,35,
detalle_pecosa,6397,38.880,39,
detalle_pecosa,6398,81.648,82,
detalle_pecosa,6399,59.616,60,
detalle_pecosa,6400,58.320,58,
detalle_pecosa,6401,63.504,64,
detalle_pecosa,6402,45.360,45,
detalle_pecosa,6403,75.168,75,
detalle_pecosa,6404,46.656,47,
detalle_pecosa,6405,38.880,39,
detalle_pecosa,6406,41.472,41,
detalle_pecosa,6407,25.920,26,
detalle_pecosa,6408,42.768,43,
detalle_pecosa,6409,42.768,43,
detalle_pecosa,6410,44.064,44,
detalle_pecosa,6411,31.104,31,
detalle_pecosa,6412,38.880,39,
detalle_pecosa,6413,67.392,67,
detalle_pecosa,6414,54.432,54,
detalle_pecosa,6415,51.840,52,
detalle_pecosa,6416,37.584,38,
detalle_pecosa,6417,66.096,66,
detalle_pecosa,6418,66.096,66,
detalle_pecosa,6419,41.472,41,
detalle_pecosa,6420,77.760,78,
detalle_pecosa,6421,57.024,57,
detalle_pecosa,6422,55.728,56,
detalle_pecosa,6423,49.248,49,
detalle_pecosa,6424,47.952,48,
detalle_pecosa,6425,34.992,35,
detalle_pecosa,6426,51.840,52,
detalle_pecosa,6427,64.800,65,
detalle_pecosa,6428,110.160,110,
detalle_pecosa,6429,49.248,49,
detalle_pecosa,6822,41.631,42,
detalle_pecosa,6823,45.663,46,
detalle_pecosa,6824,52.719,53,
detalle_pecosa,6825,50.703,51,
detalle_pecosa,6826,42.639,43,
detalle_pecosa,6827,54.735,55,
detalle_pecosa,6828,25.503,26,
detalle_pecosa,6829,40.623,41,
detalle_pecosa,6830,30.543,31,
detalle_pecosa,6831,48.687,49,
detalle_pecosa,6832,27.519,28,
detalle_pecosa,6833,30.543,31,
detalle_pecosa,6834,39.615,40,
detalle_pecosa,6838,23.487,23,
detalle_pecosa,6839,20.463,20,
detalle_pecosa,6840,28.527,29,
detalle_pecosa,6841,35.584,36,
detalle_pecosa,6842,48.688,49,
detalle_pecosa,6843,30.544,31,
detalle_pecosa,6844,50.704,51,
detalle_pecosa,6845,43.648,44,
detalle_pecosa,6846,42.640,43,
detalle_pecosa,6847,28.528,29,
detalle_pecosa,6848,30.544,31,
detalle_pecosa,6849,47.680,48,
detalle_pecosa,6850,36.592,37,
detalle_pecosa,6851,25.504,26,
detalle_pecosa,6852,37.600,38,
detalle_pecosa,6853,48.688,49,
detalle_pecosa,6854,51.712,52,
detalle_pecosa,6855,36.592,37,
detalle_pecosa,6856,37.600,38,
detalle_pecosa,6857,62.800,63,
detalle_pecosa,6858,40.624,41,
detalle_pecosa,6859,29.536,30,
detalle_pecosa,6860,30.544,31,
detalle_pecosa,6861,30.544,31,
detalle_pecosa,6862,37.600,38,
detalle_pecosa,6863,40.624,41,
detalle_pecosa,6864,41.632,42,
detalle_pecosa,6865,60.784,61,
detalle_pecosa,6866,55.744,56,
detalle_pecosa,6867,33.568,34,
detalle_pecosa,6868,50.704,51,
detalle_pecosa,6869,30.544,31,
detalle_pecosa,6870,64.816,65,
detalle_pecosa,6871,24.496,24,
detalle_pecosa,6872,27.520,28,
detalle_pecosa,6873,30.544,31,
detalle_pecosa,6874,63.808,64,
detalle_pecosa,6875,46.672,47,
detalle_pecosa,6876,45.664,46,
detalle_pecosa,6877,49.696,50,
detalle_pecosa,6878,35.584,36,
detalle_pecosa,6879,58.768,59,
detalle_pecosa,6880,36.592,37,
detalle_pecosa,6881,30.544,31,
detalle_pecosa,6882,32.560,33,
detalle_pecosa,6883,20.464,20,
detalle_pecosa,6884,33.568,34,
detalle_pecosa,6885,33.568,34,
detalle_pecosa,6886,34.576,35,
detalle_pecosa,6887,24.496,24,
detalle_pecosa,6888,30.544,31,
detalle_pecosa,6889,52.720,53,
detalle_pecosa,6890,42.640,43,
detalle_pecosa,6891,40.624,41,
detalle_pecosa,6892,29.536,30,
detalle_pecosa,6893,51.712,52,
detalle_pecosa,6894,51.712,52,
detalle_pecosa,6895,32.560,33,
detalle_pecosa,6896,60.784,61,
detalle_pecosa,6897,44.656,45,
detalle_pecosa,6898,43.648,44,
detalle_pecosa,6899,38.608,39,
detalle_pecosa,6900,37.600,38,
detalle_pecosa,6901,27.520,28,
detalle_pecosa,6902,40.624,41,
detalle_pecosa,6903,50.704,51,
detalle_pecosa,6904,85.984,86,
detalle_pecosa,6905,38.608,39,
